instancia,lucro_guloso,lucro_sa
,0,0
,0,0
,0,0
,0,0
,0,0
,0,0
,0,0
,0,0
,0,0
,0,0
,0,0
,0,0
,0,0
,0,0
,0,0
,0,0
,0,0
,0,0
,0,0
,0,0
,0,0
,0,0
,0,0
,0,0
,0,0
,0,0
,0,0
,0,0
,0,0
,0,0
,0,0
,0,0
,0,0
,0,0
,0,0
,0,0
,0,0
,0,0
,0,0
,0,0
,0,0
,0,0
,0,0
,0,0
,0,0
,0,0
,0,0
,0,0
,0,0
,0,0
,0,0
,0,0
,0,0
,0,0
,0,0
,0,0
,0,0
,0,0
,0,0
,0,0
,0,0
,0,0
,0,0
,0,0
,0,0
,0,0
,0,0
,0,0
,0,0
,0,0
,0,0
,0,0
,0,0
,0,0
,0,0
,0,0
,0,0
,0,0
,0,0
,0,0
,0,0
,0,0
,0,0
,0,0
,0,0
,0,0
,0,0
,0,0
,0,0
,0,0
,0,0
,0,0
,0,0
,0,0
,0,0
,0,0
,0,0
,0,0
,0,0
,0,0
,0,0
,0,0
,0,0
,0,0
,0,0
,0,0
,0,0
,0,0
,0,0
,0,0
,0,0
,0,0
,0,0
,0,0
,0,0
,0,0
,0,0
,0,0
,0,0
,0,0
,0,0
,0,0
,0,0
,0,0
,0,0
,0,0
,0,0
,0,0
,0,0
,0,0
,0,0
,0,0
,0,0
,0,0
,0,0
,0,0
,0,0
,0,0
,0,0
,0,0
,0,0
,0,0
,0,0
,0,0
,0,0
,0,0
,0,0
,0,0
,0,0
,0,0
,0,0
,0,0
,0,0
,0,0
,0,0
,0,0
,0,0
,0,0
,0,0
,0,0
,0,0
,0,0
,0,0
,0,0
,0,0
,0,0
,0,0
,0,0
,0,0
,0,0
,0,0
,0,0
,0,0
,0,0
,0,0
,0,0
,0,0
,0,0
,0,0
,0,0
,0,0
,0,0
,0,0
,0,0
,0,0
,0,0
,0,0
,0,0
,0,0
,0,0
,0,0
,0,0
,0,0
,0,0
,0,0
,0,0
,0,0
,0,0
,0,0
,0,0
,0,0
,0,0
,0,0
,0,0
,0,0
,0,0
,0,0
,0,0
,0,0
,0,0
,0,0
,0,0
,0,0
,0,0
,0,0
,0,0
,0,0
,0,0
,0,0
,0,0
,0,0
,0,0
,0,0
,0,0
,0,0
,0,0
,0,0
,0,0
,0,0
,0,0
,0,0
,0,0
,0,0
,0,0
,0,0
,0,0
,0,0
,0,0
,0,0
,0,0
,0,0
,0,0
,0,0
,0,0
,0,0
,0,0
,0,0
,0,0
,0,0
,0,0
,0,0
,0,0
,0,0
,0,0
,0,0
,0,0
,0,0
,0,0
,0,0
,0,0
,0,0
,0,0
,0,0
,0,0
,0,0
,0,0
,0,0
,0,0
,0,0
,0,0
,0,0
,0,0
,0,0
,0,0
,0,0
,0,0
,0,0
,0,0
,0,0
,0,0
,0,0
,0,0
,0,0
,0,0
,0,0
,0,0
,0,0
,0,0
,0,0
,0,0
,0,0
,0,0
,0,0
,0,0
,0,0
,0,0
,0,0
,0,0
,0,0
,0,0
,0,0
,0,0
,0,0
,0,0
,0,0
,0,0
,0,0
,0,0
,0,0
,0,0
,0,0
,0,0
,0,0
,0,0
,0,0
,0,0
,0,0
,0,0
,0,0
,0,0
,0,0
,0,0
,0,0
,0,0
,0,0
,0,0
,0,0
,0,0
,0,0
,0,0
,0,0
,0,0
,0,0
,0,0
,0,0
,0,0
,0,0
,0,0
,0,0
,0,0
,0,0
,0,0
,0,0
,0,0
,0,0
,0,0
,0,0
,0,0
,0,0
,0,0
,0,0
,0,0
,0,0
,0,0
,0,0
,0,0
,0,0
,0,0
,0,0
,0,0
,0,0
,0,0
,0,0
,0,0
,0,0
,0,0
,0,0
,0,0
,0,0
,0,0
,0,0
,0,0
,0,0
,0,0
,0,0
,0,0
,0,0
,0,0
,0,0
,0,0
,0,0
,0,0
,0,0
,0,0
,0,0
,0,0
,0,0
,0,0
,0,0
,0,0
,0,0
,0,0
,0,0
,0,0
,0,0
,0,0
,0,0
,0,0
,0,0
,0,0
,0,0
,0,0
,0,0
,0,0
,0,0
,0,0
,0,0
,0,0
,0,0
,0,0
,0,0
,0,0
,0,0
,0,0
,0,0
,0,0
,0,0
,0,0
,0,0
,0,0
,0,0
,0,0
,0,0
,0,0
,0,0
,0,0
,0,0
,0,0
,0,0
,0,0
,0,0
,0,0
,0,0
,0,0
,0,0
,0,0
,0,0
,0,0
,0,0
,0,0
,0,0
,0,0
,0,0
,0,0
,0,0
,0,0
,0,0
,0,0
,0,0
,0,0
,0,0
,0,0
,0,0
,0,0
,0,0
,0,0
,0,0
,0,0
,0,0
,0,0
,0,0
,0,0
,0,0
,0,0
,0,0
,0,0
,0,0
,0,0
,0,0
,0,0
,0,0
,0,0
,0,0
,0,0
,0,0
,0,0
,0,0
,0,0
,0,0
,0,0
,0,0
,0,0
,0,0
,0,0
,0,0
,0,0
,0,0
,0,0
,0,0
,0,0
,0,0
,0,0
,0,0
,0,0
,0,0
,0,0
,0,0
,0,0
,0,0
,0,0
,0,0
,0,0
,0,0
,0,0
,0,0
,0,0
,0,0
,0,0
,0,0
,0,0
,0,0
,0,0
,0,0
,0,0
,0,0
,0,0
,0,0
,0,0
,0,0
,0,0
,0,0
,0,0
,0,0
,0,0
,0,0
,0,0
,0,0
,0,0
,0,0
,0,0
,0,0
,0,0
,0,0
,0,0
,0,0
,0,0
,0,0
,0,0
,0,0
,0,0
,0,0
,0,0
,0,0
,0,0
,0,0
,0,0
,0,0
,0,0
,0,0
,0,0
,0,0
,0,0
,0,0
,0,0
,0,0
,0,0
,0,0
,0,0
,0,0
,0,0
,0,0
,0,0
,0,0
,0,0
,0,0
,0,0
,0,0
,0,0
,0,0
,0,0
,0,0
,0,0
,0,0
,0,0
,0,0
,0,0
,0,0
,0,0
,0,0
,0,0
,0,0
,0,0
,0,0
,0,0
,0,0
,0,0
,0,0
,0,0
,0,0
,0,0
,0,0
,0,0
,0,0
,0,0
,0,0
,0,0
,0,0
,0,0
,0,0
,0,0
,0,0
,0,0
,0,0
,0,0
,0,0
,0,0
,0,0
,0,0
,0,0
,0,0
,0,0
,0,0
,0,0
,0,0
,0,0
,0,0
,0,0
,0,0
,0,0
,0,0
,0,0
,0,0
,0,0
,0,0
,0,0
,0,0
,0,0
,0,0
,0,0
,0,0
,0,0
,0,0
,0,0
,0,0
,0,0
,0,0
,0,0
,0,0
,0,0
,0,0
,0,0
,0,0
,0,0
,0,0
,0,0
,0,0
,0,0
,0,0
,0,0
,0,0
,0,0
,0,0
,0,0
,0,0
,0,0
,0,0
,0,0
,0,0
,0,0
,0,0
,0,0
,0,0
,0,0
,0,0
,0,0
,0,0
,0,0
,0,0
,0,0
,0,0
,0,0
,0,0
,0,0
,0,0
,0,0
,0,0
,0,0
,0,0
,0,0
,0,0
,0,0
,0,0
,0,0
,0,0
,0,0
,0,0
,0,0
,0,0
,0,0
,0,0
,0,0
,0,0
,0,0
,0,0
,0,0
,0,0
,0,0
,0,0
,0,0
,0,0
,0,0
,0,0
,0,0
,0,0
,0,0
,0,0
,0,0
,0,0
,0,0
,0,0
,0,0
,0,0
,0,0
,0,0
,0,0
,0,0
,0,0
,0,0
,0,0
,0,0
,0,0
,0,0
,0,0
,0,0
,0,0
,0,0
,0,0
,0,0
,0,0
,0,0
,0,0
,0,0
,0,0
,0,0
,0,0
,0,0
,0,0
,0,0
,0,0
,0,0
,0,0
,0,0
,0,0
,0,0
,0,0
,0,0
,0,0
,0,0
,0,0
,0,0
,0,0
,0,0
,0,0
,0,0
,0,0
,0,0
,0,0
,0,0
,0,0
,0,0
,0,0
,0,0
,0,0
,0,0
,0,0
,0,0
,0,0
,0,0
,0,0
,0,0
,0,0
,0,0
,0,0
,0,0
,0,0
,0,0
,0,0
,0,0
,0,0
,0,0
,0,0
,0,0
,0,0
,0,0
,0,0
,0,0
,0,0
,0,0
,0,0
,0,0
,0,0
,0,0
,0,0
,0,0
,0,0
,0,0
,0,0
,0,0
,0,0
,0,0
,0,0
,0,0
,0,0
,0,0
,0,0
,0,0
,0,0
,0,0
,0,0
,0,0
,0,0
,0,0
,0,0
,0,0
,0,0
,0,0
,0,0
,0,0
,0,0
,0,0
,0,0
,0,0
,0,0
,0,0
,0,0
,0,0
,0,0
,0,0
,0,0
,0,0
,0,0
,0,0
,0,0
,0,0
,0,0
,0,0
,0,0
,0,0
,0,0
,0,0
,0,0
,0,0
,0,0
,0,0
,0,0
,0,0
,0,0
,0,0
,0,0
,0,0
,0,0
,0,0
,0,0
,0,0
,0,0
,0,0
,0,0
,0,0
,0,0
,0,0
,0,0
,0,0
,0,0
,0,0
,0,0
,0,0
,0,0
,0,0
,0,0
,0,0
,0,0
,0,0
,0,0
,0,0
,0,0
,0,0
,0,0
,0,0
,0,0
,0,0
,0,0
,0,0
,0,0
,0,0
,0,0
,0,0
,0,0
,0,0
,0,0
,0,0
,0,0
,0,0
,0,0
,0,0
,0,0
,0,0
,0,0
,0,0
,0,0
,0,0
,0,0
,0,0
,0,0
,0,0
,0,0
,0,0
,0,0
,0,0
,0,0
,0,0
,0,0
,0,0
,0,0
,0,0
,0,0
,0,0
,0,0
,0,0
,0,0
,0,0
,0,0
,0,0
,0,0
,0,0
,0,0
,0,0
,0,0
,0,0
,0,0
,0,0
,0,0
,0,0
,0,0
,0,0
,0,0
,0,0
,0,0
,0,0
,0,0
,0,0
,0,0
,0,0
,0,0
,0,0
,0,0
,0,0
,0,0
,0,0
,0,0
,0,0
,0,0
,0,0
,0,0
,0,0
,0,0
,0,0
,0,0
,0,0
,0,0
,0,0
,0,0
,0,0
,0,0
,0,0
,0,0
,0,0
,0,0
,0,0
,0,0
,0,0
,0,0
,0,0
,0,0
,0,0
,0,0
,0,0
,0,0
,0,0
,0,0
,0,0
,0,0
,0,0
,0,0
,0,0
,0,0
,0,0
,0,0
,0,0
,0,0
,0,0
,0,0
,0,0
,0,0
,0,0
,0,0
,0,0
,0,0
,0,0
,0,0
,0,0
,0,0
,0,0
,0,0
,0,0
,0,0
,0,0
,0,0
,0,0
,0,0
,0,0
,0,0
,0,0
,0,0
,0,0
,0,0
,0,0
,0,0
,0,0
,0,0
,0,0
,0,0
,0,0
,0,0
,0,0
,0,0
,0,0
,0,0
,0,0
,0,0
,0,0
,0,0
,0,0
,0,0
,0,0
,0,0
,0,0
,0,0
,0,0
,0,0
,0,0
,0,0
,0,0
,0,0
,0,0
,0,0
,0,0
,0,0
,0,0
,0,0
,0,0
,0,0
,0,0
,0,0
,0,0
,0,0
,0,0
,0,0
,0,0
,0,0
,0,0
,0,0
,0,0
,0,0
,0,0
,0,0
,0,0
,0,0
,0,0
,0,0
,0,0
,0,0
,0,0
,0,0
,0,0
,0,0
,0,0
,0,0
,0,0
,0,0
,0,0
,0,0
,0,0
,0,0
,0,0
,0,0
,0,0
,0,0
,0,0
,0,0
,0,0
,0,0
,0,0
,0,0
,0,0
,0,0
,0,0
,0,0
,0,0
,0,0
,0,0
,0,0
,0,0
,0,0
,0,0
,0,0
,0,0
,0,0
,0,0
,0,0
,0,0
,0,0
,0,0
,0,0
,0,0
,0,0
,0,0
,0,0
,0,0
,0,0
,0,0
,0,0
,0,0
,0,0
,0,0
,0,0
,0,0
,0,0
,0,0
,0,0
,0,0
,0,0
,0,0
,0,0
,0,0
,0,0
,0,0
,0,0
,0,0
,0,0
,0,0
,0,0
,0,0
,0,0
,0,0
,0,0
,0,0
,0,0
,0,0
,0,0
,0,0
,0,0
,0,0
,0,0
,0,0
,0,0
,0,0
,0,0
,0,0
,0,0
,0,0
,0,0
,0,0
,0,0
,0,0
,0,0
,0,0
,0,0
,0,0
,0,0
,0,0
,0,0
,0,0
,0,0
,0,0
,0,0
,0,0
,0,0
,0,0
,0,0
,0,0
,0,0
,0,0
,0,0
,0,0
,0,0
,0,0
,0,0
,0,0
,0,0
,0,0
,0,0
,0,0
,0,0
,0,0
,0,0
,0,0
,0,0
,0,0
,0,0
,0,0
,0,0
,0,0
,0,0
,0,0
,0,0
,0,0
,0,0
,0,0
,0,0
,0,0
,0,0
,0,0
,0,0
,0,0
,0,0
,0,0
,0,0
,0,0
,0,0
,0,0
,0,0
,0,0
,0,0
,0,0
,0,0
,0,0
,0,0
,0,0
,0,0
,0,0
,0,0
,0,0
,0,0
,0,0
,0,0
,0,0
,0,0
,0,0
,0,0
,0,0
,0,0
,0,0
,0,0
,0,0
,0,0
,0,0
,0,0
,0,0
,0,0
,0,0
,0,0
,0,0
,0,0
,0,0
,0,0
,0,0
,0,0
,0,0
,0,0
,0,0
,0,0
,0,0
,0,0
,0,0
,0,0
,0,0
,0,0
,0,0
,0,0
,0,0
,0,0
,0,0
,0,0
,0,0
,0,0
,0,0
,0,0
,0,0
,0,0
,0,0
,0,0
,0,0
,0,0
,0,0
,0,0
,0,0
,0,0
,0,0
,0,0
,0,0
,0,0
,0,0
,0,0
,0,0
,0,0
,0,0
,0,0
,0,0
,0,0
,0,0
,0,0
,0,0
,0,0
,0,0
,0,0
,0,0
,0,0
,0,0
,0,0
,0,0
,0,0
,0,0
,0,0
,0,0
,0,0
,0,0
,0,0
,0,0
,0,0
,0,0
,0,0
,0,0
,0,0
,0,0
,0,0
,0,0
,0,0
,0,0
,0,0
,0,0
,0,0
,0,0
,0,0
,0,0
,0,0
,0,0
,0,0
,0,0
,0,0
,0,0
,0,0
,0,0
,0,0
,0,0
,0,0
,0,0
,0,0
,0,0
,0,0
,0,0
,0,0
,0,0
,0,0
,0,0
,0,0
,0,0
,0,0
,0,0
,0,0
,0,0
,0,0
,0,0
,0,0
,0,0
,0,0
,0,0
,0,0
,0,0
,0,0
,0,0
,0,0
,0,0
,0,0
,0,0
,0,0
,0,0
,0,0
,0,0
,0,0
,0,0
,0,0
,0,0
,0,0
,0,0
,0,0
,0,0
,0,0
,0,0
,0,0
,0,0
,0,0
,0,0
,0,0
,0,0
,0,0
,0,0
,0,0
,0,0
,0,0
,0,0
,0,0
,0,0
,0,0
,0,0
,0,0
,0,0
,0,0
,0,0
,0,0
,0,0
,0,0
,0,0
,0,0
,0,0
,0,0
,0,0
,0,0
,0,0
,0,0
,0,0
,0,0
,0,0
,0,0
,0,0
,0,0
,0,0
,0,0
,0,0
,0,0
,0,0
,0,0
,0,0
,0,0
,0,0
,0,0
,0,0
,0,0
,0,0
,0,0
,0,0
,0,0
,0,0
,0,0
,0,0
,0,0
,0,0
,0,0
,0,0
,0,0
,0,0
,0,0
,0,0
,0,0
,0,0
,0,0
,0,0
,0,0
,0,0
,0,0
,0,0
,0,0
,0,0
,0,0
,0,0
,0,0
,0,0
,0,0
,0,0
,0,0
,0,0
,0,0
,0,0
,0,0
,0,0
,0,0
,0,0
,0,0
,0,0
,0,0
,0,0
,0,0
,0,0
,0,0
,0,0
,0,0
,0,0
,0,0
,0,0
,0,0
,0,0
,0,0
,0,0
,0,0
,0,0
,0,0
,0,0
,0,0
,0,0
,0,0
,0,0
,0,0
,0,0
,0,0
,0,0
,0,0
,0,0
,0,0
,0,0
,0,0
,0,0
,0,0
,0,0
,0,0
,0,0
,0,0
,0,0
,0,0
,0,0
,0,0
,0,0
,0,0
,0,0
,0,0
,0,0
,0,0
,0,0
,0,0
,0,0
,0,0
,0,0
,0,0
,0,0
,0,0
,0,0
,0,0
,0,0
,0,0
,0,0
,0,0
,0,0
,0,0
,0,0
,0,0
,0,0
,0,0
,0,0
,0,0
,0,0
,0,0
,0,0
,0,0
,0,0
,0,0
,0,0
,0,0
,0,0
,0,0
,0,0
,0,0
,0,0
,0,0
,0,0
,0,0
,0,0
,0,0
,0,0
,0,0
,0,0
,0,0
,0,0
,0,0
,0,0
,0,0
,0,0
,0,0
,0,0
,0,0
,0,0
,0,0
,0,0
,0,0
,0,0
,0,0
,0,0
,0,0
,0,0
,0,0
,0,0
,0,0
,0,0
,0,0
,0,0
,0,0
,0,0
,0,0
,0,0
,0,0
,0,0
,0,0
,0,0
,0,0
,0,0
,0,0
,0,0
,0,0
,0,0
,0,0
,0,0
,0,0
,0,0
,0,0
,0,0
,0,0
,0,0
,0,0
,0,0
,0,0
,0,0
,0,0
,0,0
,0,0
,0,0
,0,0
,0,0
,0,0
,0,0
,0,0
,0,0
,0,0
,0,0
,0,0
,0,0
,0,0
,0,0
,0,0
,0,0
,0,0
,0,0
,0,0
,0,0
,0,0
,0,0
,0,0
,0,0
,0,0
,0,0
,0,0
,0,0
,0,0
,0,0
,0,0
,0,0
,0,0
,0,0
,0,0
,0,0
,0,0
,0,0
,0,0
,0,0
,0,0
,0,0
,0,0
,0,0
,0,0
,0,0
,0,0
,0,0
,0,0
,0,0
,0,0
,0,0
,0,0
,0,0
,0,0
,0,0
,0,0
,0,0
,0,0
,0,0
,0,0
,0,0
,0,0
,0,0
,0,0
,0,0
,0,0
,0,0
,0,0
,0,0
,0,0
,0,0
,0,0
,0,0
,0,0
,0,0
,0,0
,0,0
,0,0
,0,0
,0,0
,0,0
,0,0
,0,0
,0,0
,0,0
,0,0
,0,0
,0,0
,0,0
,0,0
,0,0
,0,0
,0,0
,0,0
,0,0
,0,0
,0,0
,0,0
,0,0
,0,0
,0,0
,0,0
,0,0
,0,0
,0,0
,0,0
,0,0
,0,0
,0,0
,0,0
,0,0
,0,0
,0,0
,0,0
,0,0
,0,0
,0,0
,0,0
,0,0
,0,0
,0,0
,0,0
,0,0
,0,0
,0,0
,0,0
,0,0
,0,0
,0,0
,0,0
,0,0
,0,0
,0,0
,0,0
,0,0
,0,0
,0,0
,0,0
,0,0
,0,0
,0,0
,0,0
,0,0
,0,0
,0,0
,0,0
,0,0
,0,0
,0,0
,0,0
,0,0
,0,0
,0,0
,0,0
,0,0
,0,0
,0,0
,0,0
,0,0
,0,0
,0,0
,0,0
,0,0
,0,0
,0,0
,0,0
,0,0
,0,0
,0,0
,0,0
,0,0
,0,0
,0,0
,0,0
,0,0
,0,0
,0,0
,0,0
,0,0
,0,0
,0,0
,0,0
,0,0
,0,0
,0,0
,0,0
,0,0
,0,0
,0,0
,0,0
,0,0
,0,0
,0,0
,0,0
,0,0
,0,0
,0,0
,0,0
,0,0
,0,0
,0,0
,0,0
,0,0
,0,0
,0,0
,0,0
,0,0
,0,0
,0,0
,0,0
,0,0
,0,0
,0,0
,0,0
,0,0
,0,0
,0,0
,0,0
,0,0
,0,0
,0,0
,0,0
,0,0
,0,0
,0,0
,0,0
,0,0
,0,0
,0,0
,0,0
,0,0
,0,0
,0,0
,0,0
,0,0
,0,0
,0,0
,0,0
,0,0
,0,0
,0,0
,0,0
,0,0
,0,0
,0,0
,0,0
,0,0
,0,0
,0,0
,0,0
,0,0
,0,0
,0,0
,0,0
,0,0
,0,0
,0,0
,0,0
,0,0
,0,0
,0,0
,0,0
,0,0
,0,0
,0,0
,0,0
,0,0
,0,0
,0,0
,0,0
,0,0
,0,0
,0,0
,0,0
,0,0
,0,0
,0,0
,0,0
,0,0
,0,0
,0,0
,0,0
,0,0
,0,0
,0,0
,0,0
,0,0
,0,0
,0,0
,0,0
,0,0
,0,0
,0,0
,0,0
,0,0
,0,0
,0,0
,0,0
,0,0
,0,0
,0,0
,0,0
,0,0
,0,0
,0,0
,0,0
,0,0
,0,0
,0,0
,0,0
,0,0
,0,0
,0,0
,0,0
,0,0
,0,0
,0,0
,0,0
,0,0
,0,0
,0,0
,0,0
,0,0
,0,0
,0,0
,0,0
,0,0
,0,0
,0,0
,0,0
,0,0
,0,0
,0,0
,0,0
,0,0
,0,0
,0,0
,0,0
,0,0
,0,0
,0,0
,0,0
,0,0
,0,0
,0,0
,0,0
,0,0
,0,0
,0,0
,0,0
,0,0
,0,0
,0,0
,0,0
,0,0
,0,0
,0,0
,0,0
,0,0
,0,0
,0,0
,0,0
,0,0
,0,0
,0,0
,0,0
,0,0
,0,0
,0,0
,0,0
,0,0
,0,0
,0,0
,0,0
,0,0
,0,0
,0,0
,0,0
,0,0
,0,0
,0,0
,0,0
,0,0
,0,0
,0,0
,0,0
,0,0
,0,0
,0,0
,0,0
,0,0
,0,0
,0,0
,0,0
,0,0
,0,0
,0,0
,0,0
,0,0
,0,0
,0,0
,0,0
,0,0
,0,0
,0,0
,0,0
,0,0
,0,0
,0,0
,0,0
,0,0
,0,0
,0,0
,0,0
,0,0
,0,0
,0,0
,0,0
,0,0
,0,0
,0,0
,0,0
,0,0
,0,0
,0,0
,0,0
,0,0
,0,0
,0,0
,0,0
,0,0
,0,0
,0,0
,0,0
,0,0
,0,0
,0,0
,0,0
,0,0
,0,0
,0,0
,0,0
,0,0
,0,0
,0,0
,0,0
,0,0
,0,0
,0,0
,0,0
,0,0
,0,0
,0,0
,0,0
,0,0
,0,0
,0,0
,0,0
,0,0
,0,0
,0,0
,0,0
,0,0
,0,0
,0,0
,0,0
,0,0
,0,0
,0,0
,0,0
,0,0
,0,0
,0,0
,0,0
,0,0
,0,0
,0,0
,0,0
,0,0
,0,0
,0,0
,0,0
,0,0
,0,0
,0,0
,0,0
,0,0
,0,0
,0,0
,0,0
,0,0
,0,0
,0,0
,0,0
,0,0
,0,0
,0,0
,0,0
,0,0
,0,0
,0,0
,0,0
,0,0
,0,0
,0,0
,0,0
,0,0
,0,0
,0,0
,0,0
,0,0
,0,0
,0,0
,0,0
,0,0
,0,0
,0,0
,0,0
,0,0
,0,0
,0,0
,0,0
,0,0
,0,0
,0,0
,0,0
,0,0
,0,0
,0,0
,0,0
,0,0
,0,0
,0,0
,0,0
,0,0
,0,0
,0,0
,0,0
,0,0
,0,0
,0,0
,0,0
,0,0
,0,0
,0,0
,0,0
,0,0
,0,0
,0,0
,0,0
,0,0
,0,0
,0,0
,0,0
,0,0
,0,0
,0,0
,0,0
,0,0
,0,0
,0,0
,0,0
,0,0
,0,0
,0,0
,0,0
,0,0
,0,0
,0,0
,0,0
,0,0
,0,0
,0,0
,0,0
,0,0
,0,0
,0,0
,0,0
,0,0
,0,0
,0,0
,0,0
,0,0
,0,0
,0,0
,0,0
,0,0
,0,0
,0,0
,0,0
,0,0
,0,0
,0,0
,0,0
,0,0
,0,0
,0,0
,0,0
,0,0
,0,0
,0,0
,0,0
,0,0
,0,0
,0,0
,0,0
,0,0
,0,0
,0,0
,0,0
,0,0
,0,0
,0,0
,0,0
,0,0
,0,0
,0,0
,0,0
,0,0
,0,0
,0,0
,0,0
,0,0
,0,0
,0,0
,0,0
,0,0
,0,0
,0,0
,0,0
,0,0
,0,0
,0,0
,0,0
,0,0
,0,0
,0,0
,0,0
,0,0
,0,0
,0,0
,0,0
,0,0
,0,0
,0,0
,0,0
,0,0
,0,0
,0,0
,0,0
,0,0
,0,0
,0,0
,0,0
,0,0
,0,0
,0,0
,0,0
,0,0
,0,0
,0,0
,0,0
,0,0
,0,0
,0,0
,0,0
,0,0
,0,0
,0,0
,0,0
,0,0
,0,0
,0,0
,0,0
,0,0
,0,0
,0,0
,0,0
,0,0
,0,0
,0,0
,0,0
,0,0
,0,0
,0,0
,0,0
,0,0
,0,0
,0,0
,0,0
,0,0
,0,0
,0,0
,0,0
,0,0
,0,0
,0,0
,0,0
,0,0
,0,0
,0,0
,0,0
,0,0
,0,0
,0,0
,0,0
,0,0
,0,0
,0,0
,0,0
,0,0
,0,0
,0,0
,0,0
,0,0
,0,0
,0,0
,0,0
,0,0
,0,0
,0,0
,0,0
,0,0
,0,0
,0,0
,0,0
,0,0
,0,0
,0,0
,0,0
,0,0
,0,0
,0,0
,0,0
,0,0
,0,0
,0,0
,0,0
,0,0
,0,0
,0,0
,0,0
,0,0
,0,0
,0,0
,0,0
,0,0
,0,0
,0,0
,0,0
,0,0
,0,0
,0,0
,0,0
,0,0
,0,0
,0,0
,0,0
,0,0
,0,0
,0,0
,0,0
,0,0
,0,0
,0,0
,0,0
,0,0
,0,0
,0,0
,0,0
,0,0
,0,0
,0,0
,0,0
,0,0
,0,0
,0,0
,0,0
,0,0
,0,0
,0,0
,0,0
,0,0
,0,0
,0,0
,0,0
,0,0
,0,0
,0,0
,0,0
,0,0
,0,0
,0,0
,0,0
,0,0
,0,0
,0,0
,0,0
,0,0
,0,0
,0,0
,0,0
,0,0
,0,0
,0,0
,0,0
,0,0
,0,0
,0,0
,0,0
,0,0
,0,0
,0,0
,0,0
,0,0
,0,0
,0,0
,0,0
,0,0
,0,0
,0,0
,0,0
,0,0
,0,0
,0,0
,0,0
,0,0
,0,0
,0,0
,0,0
,0,0
,0,0
,0,0
,0,0
,0,0
,0,0
,0,0
,0,0
,0,0
,0,0
,0,0
,0,0
,0,0
,0,0
,0,0
,0,0
,0,0
,0,0
,0,0
,0,0
,0,0
,0,0
,0,0
,0,0
,0,0
,0,0
,0,0
,0,0
,0,0
,0,0
,0,0
,0,0
,0,0
,0,0
,0,0
,0,0
,0,0
,0,0
,0,0
,0,0
,0,0
,0,0
,0,0
,0,0
,0,0
,0,0
,0,0
,0,0
,0,0
,0,0
,0,0
,0,0
,0,0
,0,0
,0,0
,0,0
,0,0
,0,0
,0,0
,0,0
,0,0
,0,0
,0,0
,0,0
,0,0
,0,0
,0,0
,0,0
,0,0
,0,0
,0,0
,0,0
,0,0
,0,0
,0,0
,0,0
,0,0
,0,0
,0,0
,0,0
,0,0
,0,0
,0,0
,0,0
,0,0
,0,0
,0,0
,0,0
,0,0
,0,0
,0,0
,0,0
,0,0
,0,0
,0,0
,0,0
,0,0
,0,0
,0,0
,0,0
,0,0
,0,0
,0,0
,0,0
,0,0
,0,0
,0,0
,0,0
,0,0
,0,0
,0,0
,0,0
,0,0
,0,0
,0,0
,0,0
,0,0
,0,0
,0,0
,0,0
,0,0
,0,0
,0,0
,0,0
,0,0
,0,0
,0,0
,0,0
,0,0
,0,0
,0,0
,0,0
,0,0
,0,0
,0,0
,0,0
,0,0
,0,0
,0,0
,0,0
,0,0
,0,0
,0,0
,0,0
,0,0
,0,0
,0,0
,0,0
,0,0
,0,0
,0,0
,0,0
,0,0
,0,0
,0,0
,0,0
,0,0
,0,0
,0,0
,0,0
,0,0
,0,0
,0,0
,0,0
,0,0
,0,0
,0,0
,0,0
,0,0
,0,0
,0,0
,0,0
,0,0
,0,0
,0,0
,0,0
,0,0
,0,0
,0,0
,0,0
,0,0
,0,0
,0,0
,0,0
,0,0
,0,0
,0,0
,0,0
,0,0
,0,0
,0,0
,0,0
,0,0
,0,0
,0,0
,0,0
,0,0
,0,0
,0,0
,0,0
,0,0
,0,0
,0,0
,0,0
,0,0
,0,0
,0,0
,0,0
,0,0
,0,0
,0,0
,0,0
,0,0
,0,0
,0,0
,0,0
,0,0
,0,0
,0,0
,0,0
,0,0
,0,0
,0,0
,0,0
,0,0
,0,0
,0,0
,0,0
,0,0
,0,0
,0,0
,0,0
,0,0
,0,0
,0,0
,0,0
,0,0
,0,0
,0,0
,0,0
,0,0
,0,0
,0,0
,0,0
,0,0
,0,0
,0,0
,0,0
,0,0
,0,0
,0,0
,0,0
,0,0
,0,0
,0,0
,0,0
,0,0
,0,0
,0,0
,0,0
,0,0
,0,0
,0,0
,0,0
,0,0
,0,0
,0,0
,0,0
,0,0
,0,0
,0,0
,0,0
,0,0
,0,0
,0,0
,0,0
,0,0
,0,0
,0,0
,0,0
,0,0
,0,0
,0,0
,0,0
,0,0
,0,0
,0,0
,0,0
,0,0
,0,0
,0,0
,0,0
,0,0
,0,0
,0,0
,0,0
,0,0
,0,0
,0,0
,0,0
,0,0
,0,0
,0,0
,0,0
,0,0
,0,0
,0,0
,0,0
,0,0
,0,0
,0,0
,0,0
,0,0
,0,0
,0,0
,0,0
,0,0
,0,0
,0,0
,0,0
,0,0
,0,0
,0,0
,0,0
,0,0
,0,0
,0,0
,0,0
,0,0
,0,0
,0,0
,0,0
,0,0
,0,0
,0,0
,0,0
,0,0
,0,0
,0,0
,0,0
,0,0
,0,0
,0,0
,0,0
,0,0
,0,0
,0,0
,0,0
,0,0
,0,0
,0,0
,0,0
,0,0
,0,0
,0,0
,0,0
,0,0
,0,0
,0,0
,0,0
,0,0
,0,0
,0,0
,0,0
,0,0
,0,0
,0,0
,0,0
,0,0
,0,0
,0,0
,0,0
,0,0
,0,0
,0,0
,0,0
,0,0
,0,0
,0,0
,0,0
,0,0
,0,0
,0,0
,0,0
,0,0
,0,0
,0,0
,0,0
,0,0
,0,0
,0,0
,0,0
,0,0
,0,0
,0,0
,0,0
,0,0
,0,0
,0,0
,0,0
,0,0
,0,0
,0,0
,0,0
,0,0
,0,0
,0,0
,0,0
,0,0
,0,0
,0,0
,0,0
,0,0
,0,0
,0,0
,0,0
,0,0
,0,0
,0,0
,0,0
,0,0
,0,0
,0,0
,0,0
,0,0
,0,0
,0,0
,0,0
,0,0
,0,0
,0,0
,0,0
,0,0
,0,0
,0,0
,0,0
,0,0
,0,0
,0,0
,0,0
,0,0
,0,0
,0,0
,0,0
,0,0
,0,0
,0,0
,0,0
,0,0
,0,0
,0,0
,0,0
,0,0
,0,0
,0,0
,0,0
,0,0
,0,0
,0,0
,0,0
,0,0
,0,0
,0,0
,0,0
,0,0
,0,0
,0,0
,0,0
,0,0
,0,0
,0,0
,0,0
,0,0
,0,0
,0,0
,0,0
,0,0
,0,0
,0,0
,0,0
,0,0
,0,0
,0,0
,0,0
,0,0
,0,0
,0,0
,0,0
,0,0
,0,0
,0,0
,0,0
,0,0
,0,0
,0,0
,0,0
,0,0
,0,0
,0,0
,0,0
,0,0
,0,0
,0,0
,0,0
,0,0
,0,0
,0,0
,0,0
,0,0
,0,0
,0,0
,0,0
,0,0
,0,0
,0,0
,0,0
,0,0
,0,0
,0,0
,0,0
,0,0
,0,0
,0,0
,0,0
,0,0
,0,0
,0,0
,0,0
,0,0
,0,0
,0,0
,0,0
,0,0
,0,0
,0,0
,0,0
,0,0
,0,0
,0,0
,0,0
,0,0
,0,0
,0,0
,0,0
,0,0
,0,0
,0,0
,0,0
,0,0
,0,0
,0,0
,0,0
,0,0
,0,0
,0,0
,0,0
,0,0
,0,0
,0,0
,0,0
,0,0
,0,0
,0,0
,0,0
,0,0
,0,0
,0,0
,0,0
,0,0
,0,0
,0,0
,0,0
,0,0
,0,0
,0,0
,0,0
,0,0
,0,0
,0,0
,0,0
,0,0
,0,0
,0,0
,0,0
,0,0
,0,0
,0,0
,0,0
,0,0
,0,0
,0,0
,0,0
,0,0
,0,0
,0,0
,0,0
,0,0
,0,0
,0,0
,0,0
,0,0
,0,0
,0,0
,0,0
,0,0
,0,0
,0,0
,0,0
,0,0
,0,0
,0,0
,0,0
,0,0
,0,0
,0,0
,0,0
,0,0
,0,0
,0,0
,0,0
,0,0
,0,0
,0,0
,0,0
,0,0
,0,0
,0,0
,0,0
,0,0
,0,0
,0,0
,0,0
,0,0
,0,0
,0,0
,0,0
,0,0
,0,0
,0,0
,0,0
,0,0
,0,0
,0,0
,0,0
,0,0
,0,0
,0,0
,0,0
,0,0
,0,0
,0,0
,0,0
,0,0
,0,0
,0,0
,0,0
,0,0
,0,0
,0,0
,0,0
,0,0
,0,0
,0,0
,0,0
,0,0
,0,0
,0,0
,0,0
,0,0
,0,0
,0,0
,0,0
,0,0
,0,0
,0,0
,0,0
,0,0
,0,0
,0,0
,0,0
,0,0
,0,0
,0,0
,0,0
,0,0
,0,0
,0,0
,0,0
,0,0
,0,0
,0,0
,0,0
,0,0
,0,0
,0,0
,0,0
,0,0
,0,0
,0,0
,0,0
,0,0
,0,0
,0,0
,0,0
,0,0
,0,0
,0,0
,0,0
,0,0
,0,0
,0,0
,0,0
,0,0
,0,0
,0,0
,0,0
,0,0
,0,0
,0,0
,0,0
,0,0
,0,0
,0,0
,0,0
,0,0
,0,0
,0,0
,0,0
,0,0
,0,0
,0,0
,0,0
,0,0
,0,0
,0,0
,0,0
,0,0
,0,0
,0,0
,0,0
,0,0
,0,0
,0,0
,0,0
,0,0
,0,0
,0,0
,0,0
,0,0
,0,0
,0,0
,0,0
,0,0
,0,0
,0,0
,0,0
,0,0
,0,0
,0,0
,0,0
,0,0
,0,0
,0,0
,0,0
,0,0
,0,0
,0,0
,0,0
,0,0
,0,0
,0,0
,0,0
,0,0
,0,0
,0,0
,0,0
,0,0
,0,0
,0,0
,0,0
,0,0
,0,0
,0,0
,0,0
,0,0
,0,0
,0,0
,0,0
,0,0
